CREATE TABLE DEPOSIT
(
ACTNO INT,
CNAME VARCHAR(50),
BNAME VARCHAR(50),
AMOUNT DECIMAL(8,2),
ADATE DATETIME
)

CREATE TABLE BRANCH
(
BNAME VARCHAR(50),
CITY VARCHAR (50)
)

CREATE TABLE CUSTOMERS
(
CNAME VARCHAR(50),
CITY VARCHAR (50)
)

CREATE TABLE BORROW
(
LOANNO INT,
CNAME VARCHAR(50),
BNAME VARCHAR(50),
AMOUNT DECIMAL(8,2)
)


INSERT INTO DEPOSIT VALUES (101 , 'ANIL'     ,'VRCE'          ,1000.00   ,01-03-1995)
INSERT INTO DEPOSIT VALUES (102 , 'SUNIL'    ,'AJNI'          ,5000.00   ,04-01-1996)
INSERT INTO DEPOSIT VALUES (103 , 'MEHUL'    ,'KAROLBAGH'     ,3500.00   ,17-11-1995)
INSERT INTO DEPOSIT VALUES (104 , 'MADHURI'  ,'CHANDI'        ,1200.00   ,17-12-1995)
INSERT INTO DEPOSIT VALUES (105 , 'PRAMOD'   ,'M.G.ROAD'      ,3000.00   ,27-03-1996)
INSERT INTO DEPOSIT VALUES (106 , 'SANDIP'   ,'ANDHERI'       ,2000.00   ,31-03-1996)
INSERT INTO DEPOSIT VALUES (107 , 'SHIVANI'  ,'VIRAR'         ,1000.00   ,05-09-1995)
INSERT INTO DEPOSIT VALUES (108 , 'KRANTI'   ,'NEHARU PLACE'  ,5000.00   ,02-07-1995)
INSERT INTO DEPOSIT VALUES (109 , 'MINU'     ,'POWAI'         ,7000.00   ,10-08-1995)




INSERT INTO BRANCH VALUES('VRCE'         ,'NAGPUR')
INSERT INTO BRANCH VALUES('AJNI'         ,'NAGPUR')
INSERT INTO BRANCH VALUES('KAROLBAGH'    ,'DELHI')
INSERT INTO BRANCH VALUES('CHANDI'       ,'DELHI')
INSERT INTO BRANCH VALUES('DHARAMPETH'   ,'NAGPUR')
INSERT INTO BRANCH VALUES('M.G.ROAD'     ,'BANGLORE')
INSERT INTO BRANCH VALUES('ANDHERI'      ,'BOMBAY')
INSERT INTO BRANCH VALUES('VIRAR'        ,'BOMBAY')
INSERT INTO BRANCH VALUES('NEHARU PLACE' ,'DELHI')
INSERT INTO BRANCH VALUES('POWAI'        ,'BOMBAY')



INSERT INTO CUSTOMERS VALUES ('ANIL'     ,'CALCUTTA')
INSERT INTO CUSTOMERS VALUES ('SUNIL'    ,'DELHI')
INSERT INTO CUSTOMERS VALUES ('MEHUL'    ,'BARODA')
INSERT INTO CUSTOMERS VALUES ('MANDAR'   ,'PATNA')
INSERT INTO CUSTOMERS VALUES ('MADHURI'  ,'NAGPUR')
INSERT INTO CUSTOMERS VALUES ('PRAMOD'   ,'NAGPUR')
INSERT INTO CUSTOMERS VALUES ('SANDIP'   ,'SURAT')
INSERT INTO CUSTOMERS VALUES ('SHIVANI'  ,'BOMBAY')
INSERT INTO CUSTOMERS VALUES ('KRANTI'   ,'BOMBAY')
INSERT INTO CUSTOMERS VALUES ('NAREN'    ,'BOMBAY')



INSERT INTO BORROW VALUES (201 ,'ANIL'    ,'VRCE'         ,1000.00)
INSERT INTO BORROW VALUES (206 ,'MEHUL'   ,'AJNI'         ,5000.00)
INSERT INTO BORROW VALUES (311 ,'SUNIL'   ,'DHARAMPATH'   ,3000.00)
INSERT INTO BORROW VALUES (321 ,'MADHURI' ,'ANDHERI'      ,2000.00)
INSERT INTO BORROW VALUES (375 ,'PRMOD'   ,'VIRAR'        ,8000.00)
INSERT INTO BORROW VALUES (481 ,'KRANTI'  ,'NEHARU PLACE' ,3000.00)




SELECT *  FROM DEPOSIT
SELECT *  FROM BRANCH
SELECT *  FROM CUSTOMERS
SELECT *  FROM BORROW